{"cameraMode":{"drawMode":0,"name":"Shaded","section":"Shading Mode"},"sceneLighting":false,"audioPlay":false,"sceneViewState":{"m_AlwaysRefresh":false,"showFog":true,"showSkybox":false,"showFlares":true,"showImageEffects":true,"showParticleSystems":true,"showVisualEffectGraphs":true,"m_FxEnabled":true},"in2DMode":false,"pivot":{"x":0.03403566777706146,"y":0.02930191159248352,"z":0.013728530146181584},"rotation":{"x":-0.07531993836164475,"y":-0.2166510820388794,"z":0.01676136627793312,"w":-0.9731992483139038},"size":0.2639338970184326,"orthographic":false}