{"cameraMode":{"drawMode":0,"name":"Shaded","section":"Shading Mode"},"sceneLighting":false,"audioPlay":false,"sceneViewState":{"m_AlwaysRefresh":false,"showFog":true,"showSkybox":false,"showFlares":true,"showImageEffects":true,"showParticleSystems":true,"showVisualEffectGraphs":true,"m_FxEnabled":true},"in2DMode":false,"pivot":{"x":0.06218063831329346,"y":0.7300000190734863,"z":-0.5923463106155396},"rotation":{"x":-0.32512611150741579,"y":-0.10552366822957993,"z":0.036535196006298068,"w":-0.9390544891357422},"size":2.599013566970825,"orthographic":false}