{"cameraMode":{"drawMode":0,"name":"Shaded","section":"Shading Mode"},"sceneLighting":true,"audioPlay":false,"sceneViewState":{"m_AlwaysRefresh":false,"showFog":true,"showSkybox":true,"showFlares":true,"showImageEffects":true,"showParticleSystems":true,"showVisualEffectGraphs":true,"m_FxEnabled":true},"in2DMode":false,"pivot":{"x":-0.7091230750083923,"y":-0.3536849021911621,"z":1.3466702699661255},"rotation":{"x":-0.3652070164680481,"y":-0.0738949105143547,"z":0.02909570187330246,"w":-0.9275259375572205},"size":1.4107915163040162,"orthographic":false}