{"cameraMode":{"drawMode":0,"name":"Shaded","section":"Shading Mode"},"sceneLighting":true,"audioPlay":false,"sceneViewState":{"m_AlwaysRefresh":false,"showFog":true,"showSkybox":true,"showFlares":true,"showImageEffects":true,"showParticleSystems":true,"showVisualEffectGraphs":true,"m_FxEnabled":true},"in2DMode":false,"pivot":{"x":-3.7181570529937746,"y":0.02583320438861847,"z":1.7020421028137208},"rotation":{"x":-0.27424323558807375,"y":-0.13361114263534547,"z":0.03850603103637695,"w":-0.9515585899353027},"size":1.1889002323150635,"orthographic":false}